team_a,team_b,team_a_ar,team_b_ar,draw,loser,winner,total,winning_perc,losing_perc,draw_perc,team_a_txt,team_b_txt
Australia,Argentina,أستراليا,الأرجنتين,1,5,1,7,14,71,14,Australia,Argentina
Belgium,Argentina,بلجيكا,الأرجنتين,0,3,1,4,25,75,0,Belgium,Argentina
Brazil,Argentina,البرازيل,الأرجنتين,26,39,43,108,40,36,24,Brazil,Argentina
Cameroon,Argentina,الكاميرون,الأرجنتين,1,0,1,2,50,0,50,Cameroon,Argentina
Canada,Argentina,كندا,الأرجنتين,0,1,0,1,0,100,0,Canada,Argentina
Costa Rica,Argentina,كوستا ريكا,الأرجنتين,2,4,0,6,0,67,33,Costa_Rica,Argentina
Croatia,Argentina,كرواتيا,الأرجنتين,1,2,2,5,40,40,20,Croatia,Argentina
Denmark,Argentina,الدنمارك,الأرجنتين,1,0,1,2,50,0,50,Denmark,Argentina
Ecuador,Argentina,الاكوادور,الأرجنتين,11,21,5,37,14,57,30,Ecuador,Argentina
England,Argentina,إنجلترا,الأرجنتين,6,3,6,15,40,20,40,England,Argentina
France,Argentina,فرنسا,الأرجنتين,3,6,3,12,25,50,25,France,Argentina
Germany,Argentina,ألمانيا,الأرجنتين,6,10,7,23,30,43,26,Germany,Argentina
Ghana,Argentina,غانا,الأرجنتين,0,1,0,1,0,100,0,Ghana,Argentina
Iran,Argentina,إيران,الأرجنتين,1,1,0,2,0,50,50,Iran,Argentina
Japan,Argentina,اليابان,الأرجنتين,0,6,1,7,14,86,0,Japan,Argentina
Mexico,Argentina,المكسيك,الأرجنتين,12,15,4,31,13,48,39,Mexico,Argentina
Morocco,Argentina,المغرب,الأرجنتين,0,3,0,3,0,100,0,Morocco,Argentina
Netherlands,Argentina,هولندا,الأرجنتين,4,1,4,9,44,11,44,Netherlands,Argentina
Poland,Argentina,بولندا,الأرجنتين,2,6,3,11,27,55,18,Poland,Argentina
Portugal,Argentina,البرتغال,الأرجنتين,1,5,2,8,25,62,12,Portugal,Argentina
Qatar,Argentina,قطر,الأرجنتين,0,2,0,2,0,100,0,Qatar,Argentina
Saudi Arabia,Argentina,السعودية,الأرجنتين,2,2,0,4,0,50,50,Saudi_Arabia,Argentina
Serbia,Argentina,صربيا,الأرجنتين,0,3,1,4,25,75,0,Serbia,Argentina
South Korea,Argentina,كوريا الجنوبية,الأرجنتين,0,3,0,3,0,100,0,South_Korea,Argentina
Spain,Argentina,إسبانيا,الأرجنتين,2,6,6,14,43,43,14,Spain,Argentina
Switzerland,Argentina,سويسرا,الأرجنتين,2,5,0,7,0,71,29,Switzerland,Argentina
Tunisia,Argentina,تونس,الأرجنتين,0,1,0,1,0,100,0,Tunisia,Argentina
United States,Argentina,الولايات المتحدة ,الأرجنتين,2,6,2,10,20,60,20,United_States,Argentina
Uruguay,Argentina,أوروغواي,الأرجنتين,43,84,52,179,29,47,24,Uruguay,Argentina
Wales,Argentina,ويلز,الأرجنتين,1,1,0,2,0,50,50,Wales,Argentina
Argentina,Australia,الأرجنتين,أستراليا,1,1,5,7,71,14,14,Argentina,Australia
Belgium,Australia,بلجيكا,أستراليا,0,0,1,1,100,0,0,Belgium,Australia
Brazil,Australia,البرازيل,أستراليا,1,1,6,8,75,12,12,Brazil,Australia
Cameroon,Australia,الكاميرون,أستراليا,1,0,0,1,0,0,100,Cameroon,Australia
Canada,Australia,كندا,أستراليا,1,5,3,9,33,56,11,Canada,Australia
Costa Rica,Australia,كوستا ريكا,أستراليا,0,1,0,1,0,100,0,Costa_Rica,Australia
Croatia,Australia,كرواتيا,أستراليا,2,2,2,6,33,33,33,Croatia,Australia
Denmark,Australia,الدنمارك,أستراليا,1,1,2,4,50,25,25,Denmark,Australia
Ecuador,Australia,الاكوادور,أستراليا,0,0,1,1,100,0,0,Ecuador,Australia
England,Australia,إنجلترا,أستراليا,2,1,4,7,57,14,29,England,Australia
France,Australia,فرنسا,أستراليا,1,1,3,5,60,20,20,France,Australia
Germany,Australia,ألمانيا,أستراليا,1,1,4,6,67,17,17,Germany,Australia
Ghana,Australia,غانا,أستراليا,2,4,1,7,14,57,29,Ghana,Australia
Iran,Australia,إيران,أستراليا,2,2,3,7,43,29,29,Iran,Australia
Japan,Australia,اليابان,أستراليا,9,6,11,26,42,23,35,Japan,Australia
Mexico,Australia,المكسيك,أستراليا,2,2,0,4,0,50,50,Mexico,Australia
Morocco,Australia,المغرب,أستراليا,0,1,0,1,0,100,0,Morocco,Australia
Netherlands,Australia,هولندا,أستراليا,2,1,1,4,25,25,50,Netherlands,Australia
Poland,Australia,بولندا,أستراليا,0,1,0,1,0,100,0,Poland,Australia
Qatar,Australia,قطر,أستراليا,1,3,1,5,20,60,20,Qatar,Australia
Saudi Arabia,Australia,السعودية,أستراليا,3,5,2,10,20,50,30,Saudi_Arabia,Australia
Serbia,Australia,صربيا,أستراليا,1,1,0,2,0,50,50,Serbia,Australia
South Korea,Australia,كوريا الجنوبية,أستراليا,11,9,8,28,29,32,39,South_Korea,Australia
Spain,Australia,إسبانيا,أستراليا,0,0,1,1,100,0,0,Spain,Australia
Switzerland,Australia,سويسرا,أستراليا,1,0,0,1,0,0,100,Switzerland,Australia
Tunisia,Australia,تونس,أستراليا,0,0,1,1,100,0,0,Tunisia,Australia
United States,Australia,الولايات المتحدة ,أستراليا,1,1,1,3,33,33,33,United_States,Australia
Uruguay,Australia,أوروغواي,أستراليا,0,3,4,7,57,43,0,Uruguay,Australia
Wales,Australia,ويلز,أستراليا,0,1,0,1,0,100,0,Wales,Australia
Argentina,Belgium,الأرجنتين,بلجيكا,0,1,3,4,75,25,0,Argentina,Belgium
Australia,Belgium,أستراليا,بلجيكا,0,1,0,1,0,100,0,Australia,Belgium
Brazil,Belgium,البرازيل,بلجيكا,0,2,3,5,60,40,0,Brazil,Belgium
Canada,Belgium,كندا,بلجيكا,0,1,0,1,0,100,0,Canada,Belgium
Costa Rica,Belgium,كوستا ريكا,بلجيكا,0,2,0,2,0,100,0,Costa_Rica,Belgium
Croatia,Belgium,كرواتيا,بلجيكا,2,3,3,8,38,38,25,Croatia,Belgium
Denmark,Belgium,الدنمارك,بلجيكا,3,7,6,16,38,44,19,Denmark,Belgium
England,Belgium,إنجلترا,بلجيكا,5,4,17,26,65,15,19,England,Belgium
France,Belgium,فرنسا,بلجيكا,19,30,26,75,35,40,25,France,Belgium
Germany,Belgium,ألمانيا,بلجيكا,1,4,20,25,80,16,4,Germany,Belgium
Japan,Belgium,اليابان,بلجيكا,2,2,2,6,33,33,33,Japan,Belgium
Mexico,Belgium,المكسيك,بلجيكا,2,2,3,7,43,29,29,Mexico,Belgium
Morocco,Belgium,المغرب,بلجيكا,0,2,1,3,33,67,0,Morocco,Belgium
Netherlands,Belgium,هولندا,بلجيكا,31,40,55,126,44,32,25,Netherlands,Belgium
Poland,Belgium,بولندا,بلجيكا,6,8,7,21,33,38,29,Poland,Belgium
Portugal,Belgium,البرتغال,بلجيكا,7,6,6,19,32,32,37,Portugal,Belgium
Qatar,Belgium,قطر,بلجيكا,0,1,0,1,0,100,0,Qatar,Belgium
Saudi Arabia,Belgium,السعودية,بلجيكا,0,2,1,3,33,67,0,Saudi_Arabia,Belgium
Serbia,Belgium,صربيا,بلجيكا,1,3,2,6,33,50,17,Serbia,Belgium
South Korea,Belgium,كوريا الجنوبية,بلجيكا,1,3,0,4,0,75,25,South_Korea,Belgium
Spain,Belgium,إسبانيا,بلجيكا,6,4,11,21,52,19,29,Spain,Belgium
Switzerland,Belgium,سويسرا,بلجيكا,6,15,9,30,30,50,20,Switzerland,Belgium
Tunisia,Belgium,تونس,بلجيكا,1,2,1,4,25,50,25,Tunisia,Belgium
United States,Belgium,الولايات المتحدة ,بلجيكا,0,5,1,6,17,83,0,United_States,Belgium
Uruguay,Belgium,أوروغواي,بلجيكا,0,2,0,2,0,100,0,Uruguay,Belgium
Wales,Belgium,ويلز,بلجيكا,5,6,5,16,31,38,31,Wales,Belgium
Argentina,Brazil,الأرجنتين,البرازيل,26,43,39,108,36,40,24,Argentina,Brazil
Australia,Brazil,أستراليا,البرازيل,1,6,1,8,12,75,12,Australia,Brazil
Belgium,Brazil,بلجيكا,البرازيل,0,3,2,5,40,60,0,Belgium,Brazil
Cameroon,Brazil,الكاميرون,البرازيل,0,5,1,6,17,83,0,Cameroon,Brazil
Canada,Brazil,كندا,البرازيل,2,2,0,4,0,50,50,Canada,Brazil
Costa Rica,Brazil,كوستا ريكا,البرازيل,0,10,1,11,9,91,0,Costa_Rica,Brazil
Croatia,Brazil,كرواتيا,البرازيل,1,3,0,4,0,75,25,Croatia,Brazil
Denmark,Brazil,الدنمارك,البرازيل,0,3,1,4,25,75,0,Denmark,Brazil
Ecuador,Brazil,الاكوادور,البرازيل,6,26,2,34,6,76,18,Ecuador,Brazil
England,Brazil,إنجلترا,البرازيل,11,11,4,26,15,42,42,England,Brazil
France,Brazil,فرنسا,البرازيل,4,7,5,16,31,44,25,France,Brazil
Germany,Brazil,ألمانيا,البرازيل,5,13,5,23,22,57,22,Germany,Brazil
Ghana,Brazil,غانا,البرازيل,0,5,0,5,0,100,0,Ghana,Brazil
Iran,Brazil,إيران,البرازيل,0,1,0,1,0,100,0,Iran,Brazil
Japan,Brazil,اليابان,البرازيل,2,11,0,13,0,85,15,Japan,Brazil
Mexico,Brazil,المكسيك,البرازيل,7,24,10,41,24,59,17,Mexico,Brazil
Morocco,Brazil,المغرب,البرازيل,0,2,0,2,0,100,0,Morocco,Brazil
Netherlands,Brazil,هولندا,البرازيل,5,3,4,12,33,25,42,Netherlands,Brazil
Poland,Brazil,بولندا,البرازيل,2,9,1,12,8,75,17,Poland,Brazil
Portugal,Brazil,البرتغال,البرازيل,3,14,4,21,19,67,14,Portugal,Brazil
Qatar,Brazil,قطر,البرازيل,0,1,0,1,0,100,0,Qatar,Brazil
Saudi Arabia,Brazil,السعودية,البرازيل,0,5,0,5,0,100,0,Saudi_Arabia,Brazil
Senegal,Brazil,السنغال,البرازيل,1,0,0,1,0,0,100,Senegal,Brazil
Serbia,Brazil,صربيا,البرازيل,1,4,0,5,0,80,20,Serbia,Brazil
South Korea,Brazil,كوريا الجنوبية,البرازيل,0,6,1,7,14,86,0,South_Korea,Brazil
Spain,Brazil,إسبانيا,البرازيل,2,5,2,9,22,56,22,Spain,Brazil
Switzerland,Brazil,سويسرا,البرازيل,4,3,2,9,22,33,44,Switzerland,Brazil
Tunisia,Brazil,تونس,البرازيل,0,2,0,2,0,100,0,Tunisia,Brazil
United States,Brazil,الولايات المتحدة ,البرازيل,0,17,1,18,6,94,0,United_States,Brazil
Uruguay,Brazil,أوروغواي,البرازيل,19,37,20,76,26,49,25,Uruguay,Brazil
Wales,Brazil,ويلز,البرازيل,1,8,1,10,10,80,10,Wales,Brazil
Argentina,Cameroon,الأرجنتين,الكاميرون,1,1,0,2,0,50,50,Argentina,Cameroon
Australia,Cameroon,أستراليا,الكاميرون,1,0,0,1,0,0,100,Australia,Cameroon
Brazil,Cameroon,البرازيل,الكاميرون,0,1,5,6,83,17,0,Brazil,Cameroon
Canada,Cameroon,كندا,الكاميرون,0,1,0,1,0,100,0,Canada,Cameroon
Costa Rica,Cameroon,كوستا ريكا,الكاميرون,0,0,1,1,100,0,0,Costa_Rica,Cameroon
Croatia,Cameroon,كرواتيا,الكاميرون,0,0,1,1,100,0,0,Croatia,Cameroon
Denmark,Cameroon,الدنمارك,الكاميرون,0,1,2,3,67,33,0,Denmark,Cameroon
England,Cameroon,إنجلترا,الكاميرون,1,0,3,4,75,0,25,England,Cameroon
France,Cameroon,فرنسا,الكاميرون,1,0,2,3,67,0,33,France,Cameroon
Germany,Cameroon,ألمانيا,الكاميرون,1,0,3,4,75,0,25,Germany,Cameroon
Ghana,Cameroon,غانا,الكاميرون,4,2,2,8,25,25,50,Ghana,Cameroon
Iran,Cameroon,إيران,الكاميرون,2,0,0,2,0,0,100,Iran,Cameroon
Japan,Cameroon,اليابان,الكاميرون,2,0,3,5,60,0,40,Japan,Cameroon
Mexico,Cameroon,المكسيك,الكاميرون,0,0,2,2,100,0,0,Mexico,Cameroon
Morocco,Cameroon,المغرب,الكاميرون,4,6,1,11,9,55,36,Morocco,Cameroon
Netherlands,Cameroon,هولندا,الكاميرون,1,0,2,3,67,0,33,Netherlands,Cameroon
Poland,Cameroon,بولندا,الكاميرون,2,1,0,3,0,33,67,Poland,Cameroon
Portugal,Cameroon,البرتغال,الكاميرون,0,0,2,2,100,0,0,Portugal,Cameroon
Saudi Arabia,Cameroon,السعودية,الكاميرون,1,2,2,5,40,40,20,Saudi_Arabia,Cameroon
Senegal,Cameroon,السنغال,الكاميرون,5,3,5,13,38,23,38,Senegal,Cameroon
Serbia,Cameroon,صربيا,الكاميرون,0,0,1,1,100,0,0,Serbia,Cameroon
South Korea,Cameroon,كوريا الجنوبية,الكاميرون,2,0,3,5,60,0,40,South_Korea,Cameroon
Tunisia,Cameroon,تونس,الكاميرون,7,9,3,19,16,47,37,Tunisia,Cameroon
United States,Cameroon,الولايات المتحدة ,الكاميرون,1,0,0,1,0,0,100,United_States,Cameroon
Argentina,Canada,الأرجنتين,كندا,0,0,1,1,100,0,0,Argentina,Canada
Australia,Canada,أستراليا,كندا,1,3,5,9,56,33,11,Australia,Canada
Belgium,Canada,بلجيكا,كندا,0,0,1,1,100,0,0,Belgium,Canada
Brazil,Canada,البرازيل,كندا,2,0,2,4,50,0,50,Brazil,Canada
Cameroon,Canada,الكاميرون,كندا,0,0,1,1,100,0,0,Cameroon,Canada
Costa Rica,Canada,كوستا ريكا,كندا,9,6,9,24,38,25,38,Costa_Rica,Canada
Denmark,Canada,الدنمارك,كندا,0,0,1,1,100,0,0,Denmark,Canada
Ecuador,Canada,الاكوادور,كندا,1,0,2,3,67,0,33,Ecuador,Canada
England,Canada,إنجلترا,كندا,0,0,1,1,100,0,0,England,Canada
France,Canada,فرنسا,كندا,0,0,1,1,100,0,0,France,Canada
Germany,Canada,ألمانيا,كندا,0,0,2,2,100,0,0,Germany,Canada
Ghana,Canada,غانا,كندا,0,1,0,1,0,100,0,Ghana,Canada
Iran,Canada,إيران,كندا,0,1,2,3,67,33,0,Iran,Canada
Japan,Canada,اليابان,كندا,0,0,2,2,100,0,0,Japan,Canada
Mexico,Canada,المكسيك,كندا,8,4,21,33,64,12,24,Mexico,Canada
Morocco,Canada,المغرب,كندا,1,0,2,3,67,0,33,Morocco,Canada
Netherlands,Canada,هولندا,كندا,0,0,1,1,100,0,0,Netherlands,Canada
Poland,Canada,بولندا,كندا,0,0,6,6,100,0,0,Poland,Canada
Portugal,Canada,البرتغال,كندا,1,0,1,2,50,0,50,Portugal,Canada
Qatar,Canada,السعودية,كندا,0,1,0,1,0,100,0,Qatar,Canada
Saudi Arabia,Canada,كوريا الجنوبية,كندا,0,0,1,1,100,0,0,Saudi_Arabia,Canada
South Korea,Canada,إسبانيا,كندا,1,2,2,5,40,40,20,South_Korea,Canada
Spain,Canada,سويسرا,كندا,0,0,2,2,100,0,0,Spain,Canada
Switzerland,Canada,تونس,كندا,0,1,0,1,0,100,0,Switzerland,Canada
Tunisia,Canada,الولايات المتحدة ,كندا,0,0,1,1,100,0,0,Tunisia,Canada
United States,Canada,أوروغواي,كندا,11,10,15,36,42,28,31,United_States,Canada
Uruguay,Canada,ويلز,كندا,0,0,2,2,100,0,0,Uruguay,Canada
Wales,Canada,قطر,كندا,0,1,2,3,67,33,0,Wales,Canada
Argentina,Costa Rica,الأرجنتين,كوستا ريكا,2,0,4,6,67,0,33,Argentina,Costa_Rica
Australia,Costa Rica,أستراليا,كوستا ريكا,0,0,1,1,100,0,0,Australia,Costa_Rica
Belgium,Costa Rica,بلجيكا,كوستا ريكا,0,0,2,2,100,0,0,Belgium,Costa_Rica
Brazil,Costa Rica,البرازيل,كوستا ريكا,0,1,10,11,91,9,0,Brazil,Costa_Rica
Cameroon,Costa Rica,الكاميرون,كوستا ريكا,0,1,0,1,0,100,0,Cameroon,Costa_Rica
Canada,Costa Rica,كندا,كوستا ريكا,9,9,6,24,25,38,38,Canada,Costa_Rica
Ecuador,Costa Rica,الاكوادور,كوستا ريكا,5,1,5,11,45,9,45,Ecuador,Costa_Rica
England,Costa Rica,إنجلترا,كوستا ريكا,1,0,1,2,50,0,50,England,Costa_Rica
France,Costa Rica,فرنسا,كوستا ريكا,0,0,2,2,100,0,0,France,Costa_Rica
Germany,Costa Rica,ألمانيا,كوستا ريكا,0,0,1,1,100,0,0,Germany,Costa_Rica
Iran,Costa Rica,إيران,كوستا ريكا,1,0,1,2,50,0,50,Iran,Costa_Rica
Japan,Costa Rica,اليابان,كوستا ريكا,1,0,3,4,75,0,25,Japan,Costa_Rica
Mexico,Costa Rica,المكسيك,كوستا ريكا,19,6,28,53,53,11,36,Mexico,Costa_Rica
Netherlands,Costa Rica,هولندا,كوستا ريكا,1,0,0,1,0,0,100,Netherlands,Costa_Rica
Poland,Costa Rica,بولندا,كوستا ريكا,0,0,2,2,100,0,0,Poland,Costa_Rica
Qatar,Costa Rica,قطر,كوستا ريكا,1,0,0,1,0,0,100,Qatar,Costa_Rica
Saudi Arabia,Costa Rica,السعودية,كوستا ريكا,0,3,1,4,25,75,0,Saudi_Arabia,Costa_Rica
Serbia,Costa Rica,صربيا,كوستا ريكا,0,0,1,1,100,0,0,Serbia,Costa_Rica
South Korea,Costa Rica,كوريا الجنوبية,كوستا ريكا,3,3,4,10,40,30,30,South_Korea,Costa_Rica
Spain,Costa Rica,إسبانيا,كوستا ريكا,1,0,2,3,67,0,33,Spain,Costa_Rica
Switzerland,Costa Rica,سويسرا,كوستا ريكا,1,1,1,3,33,33,33,Switzerland,Costa_Rica
Tunisia,Costa Rica,تونس,كوستا ريكا,0,0,1,1,100,0,0,Tunisia,Costa_Rica
United States,Costa Rica,الولايات المتحدة ,كوستا ريكا,6,16,19,41,46,39,15,United_States,Costa_Rica
Uruguay,Costa Rica,أوروغواي,كوستا ريكا,3,1,6,10,60,10,30,Uruguay,Costa_Rica
Wales,Costa Rica,ويلز,كوستا ريكا,0,1,1,2,50,50,0,Wales,Costa_Rica
Argentina,Croatia,الأرجنتين,كرواتيا,1,2,2,5,40,40,20,Argentina,Croatia
Australia,Croatia,أستراليا,كرواتيا,2,2,2,6,33,33,33,Australia,Croatia
Belgium,Croatia,بلجيكا,كرواتيا,2,3,3,8,38,38,25,Belgium,Croatia
Brazil,Croatia,البرازيل,كرواتيا,1,0,3,4,75,0,25,Brazil,Croatia
Cameroon,Croatia,الكاميرون,كرواتيا,0,1,0,1,0,100,0,Cameroon,Croatia
Denmark,Croatia,الدنمارك,كرواتيا,2,3,2,7,29,43,29,Denmark,Croatia
Ecuador,Croatia,الاكوادور,كرواتيا,0,0,1,1,100,0,0,Ecuador,Croatia
England,Croatia,إنجلترا,كرواتيا,2,3,6,11,55,27,18,England,Croatia
France,Croatia,فرنسا,كرواتيا,3,1,6,10,60,10,30,France,Croatia
Germany,Croatia,ألمانيا,كرواتيا,1,2,5,8,62,25,12,Germany,Croatia
Iran,Croatia,إيران,كرواتيا,1,1,0,2,0,50,50,Iran,Croatia
Japan,Croatia,اليابان,كرواتيا,1,1,1,3,33,33,33,Japan,Croatia
Mexico,Croatia,المكسيك,كرواتيا,0,4,2,6,33,67,0,Mexico,Croatia
Morocco,Croatia,المغرب,كرواتيا,1,0,0,1,0,0,100,Morocco,Croatia
Netherlands,Croatia,هولندا,كرواتيا,0,1,1,2,50,50,0,Netherlands,Croatia
Poland,Croatia,بولندا,كرواتيا,1,3,1,5,20,60,20,Poland,Croatia
Portugal,Croatia,البرتغال,كرواتيا,1,0,6,7,86,0,14,Portugal,Croatia
Qatar,Croatia,قطر,كرواتيا,0,1,0,1,0,100,0,Qatar,Croatia
Senegal,Croatia,السنغال,كرواتيا,0,1,0,1,0,100,0,Senegal,Croatia
Serbia,Croatia,صربيا,كرواتيا,3,2,0,5,0,40,60,Serbia,Croatia
South Korea,Croatia,كوريا الجنوبية,كرواتيا,2,3,2,7,29,43,29,South_Korea,Croatia
Spain,Croatia,إسبانيا,كرواتيا,1,3,5,9,56,33,11,Spain,Croatia
Switzerland,Croatia,سويسرا,كرواتيا,2,3,2,7,29,43,29,Switzerland,Croatia
Tunisia,Croatia,تونس,كرواتيا,0,0,1,1,100,0,0,Tunisia,Croatia
United States,Croatia,الولايات المتحدة ,كرواتيا,0,1,0,1,0,100,0,United_States,Croatia
Wales,Croatia,ويلز,كرواتيا,2,4,0,6,0,67,33,Wales,Croatia
Argentina,Denmark,الأرجنتين,الدنمارك,1,1,0,2,0,50,50,Argentina,Denmark
Australia,Denmark,أستراليا,الدنمارك,1,2,1,4,25,50,25,Australia,Denmark
Belgium,Denmark,بلجيكا,الدنمارك,3,6,7,16,44,38,19,Belgium,Denmark
Brazil,Denmark,البرازيل,الدنمارك,0,1,3,4,75,25,0,Brazil,Denmark
Cameroon,Denmark,الكاميرون,الدنمارك,0,2,1,3,33,67,0,Cameroon,Denmark
Canada,Denmark,كندا,الدنمارك,0,1,0,1,0,100,0,Canada,Denmark
Croatia,Denmark,كرواتيا,الدنمارك,2,2,3,7,43,29,29,Croatia,Denmark
England,Denmark,إنجلترا,الدنمارك,5,4,13,22,59,18,23,England,Denmark
France,Denmark,فرنسا,الدنمارك,2,5,8,15,53,33,13,France,Denmark
Germany,Denmark,ألمانيا,الدنمارك,5,8,15,28,54,29,18,Germany,Denmark
Ghana,Denmark,غانا,الدنمارك,0,1,0,1,0,100,0,Ghana,Denmark
Iran,Denmark,إيران,الدنمارك,1,0,0,1,0,0,100,Iran,Denmark
Japan,Denmark,اليابان,الدنمارك,0,1,1,2,50,50,0,Japan,Denmark
Mexico,Denmark,المكسيك,الدنمارك,2,2,1,5,20,40,40,Mexico,Denmark
Netherlands,Denmark,هولندا,الدنمارك,10,8,13,31,42,26,32,Netherlands,Denmark
Poland,Denmark,بولندا,الدنمارك,1,10,8,19,42,53,5,Poland,Denmark
Portugal,Denmark,البرتغال,الدنمارك,2,3,10,15,67,20,13,Portugal,Denmark
Saudi Arabia,Denmark,السعودية,الدنمارك,0,3,0,3,0,100,0,Saudi_Arabia,Denmark
Senegal,Denmark,السنغال,الدنمارك,1,2,0,3,0,67,33,Senegal,Denmark
Serbia,Denmark,صربيا,الدنمارك,0,3,0,3,0,100,0,Serbia,Denmark
South Korea,Denmark,كوريا الجنوبية,الدنمارك,1,0,0,1,0,0,100,South_Korea,Denmark
Spain,Denmark,إسبانيا,الدنمارك,3,2,11,16,69,12,19,Spain,Denmark
Switzerland,Denmark,سويسرا,الدنمارك,6,4,2,12,17,33,50,Switzerland,Denmark
Tunisia,Denmark,تونس,الدنمارك,0,1,0,1,0,100,0,Tunisia,Denmark
United States,Denmark,الولايات المتحدة ,الدنمارك,1,2,0,3,0,67,33,United_States,Denmark
Uruguay,Denmark,أوروغواي,الدنمارك,0,2,0,2,0,100,0,Uruguay,Denmark
Wales,Denmark,ويلز,الدنمارك,0,7,4,11,36,64,0,Wales,Denmark
Argentina,Ecuador,الأرجنتين,الاكوادور,11,5,21,37,57,14,30,Argentina,Ecuador
Australia,Ecuador,أستراليا,الاكوادور,0,1,0,1,0,100,0,Australia,Ecuador
Brazil,Ecuador,البرازيل,الاكوادور,6,2,26,34,76,6,18,Brazil,Ecuador
Canada,Ecuador,كندا,الاكوادور,1,2,0,3,0,67,33,Canada,Ecuador
Costa Rica,Ecuador,كوستا ريكا,الاكوادور,5,5,1,11,9,45,45,Costa_Rica,Ecuador
Croatia,Ecuador,كرواتيا,الاكوادور,0,1,0,1,0,100,0,Croatia,Ecuador
England,Ecuador,إنجلترا,الاكوادور,1,0,2,3,67,0,33,England,Ecuador
France,Ecuador,فرنسا,الاكوادور,1,0,1,2,50,0,50,France,Ecuador
Germany,Ecuador,ألمانيا,الاكوادور,0,0,2,2,100,0,0,Germany,Ecuador
Iran,Ecuador,إيران,الاكوادور,2,1,0,3,0,33,67,Iran,Ecuador
Japan,Ecuador,اليابان,الاكوادور,2,0,2,4,50,0,50,Japan,Ecuador
Mexico,Ecuador,المكسيك,الاكوادور,6,4,14,24,58,17,25,Mexico,Ecuador
Netherlands,Ecuador,هولندا,الاكوادور,1,0,1,2,50,0,50,Netherlands,Ecuador
Poland,Ecuador,بولندا,الاكوادور,1,1,1,3,33,33,33,Poland,Ecuador
Portugal,Ecuador,البرتغال,الاكوادور,0,1,1,2,50,50,0,Portugal,Ecuador
Qatar,Ecuador,قطر,الاكوادور,1,1,1,3,33,33,33,Qatar,Ecuador
Saudi Arabia,Ecuador,السنغال,الاكوادور,1,0,0,1,0,0,100,Saudi_Arabia,Ecuador
Senegal,Ecuador,صربيا,الاكوادور,0,0,2,2,100,0,0,Senegal,Ecuador
Serbia,Ecuador,كوريا الجنوبية,الاكوادور,0,1,0,1,0,100,0,Serbia,Ecuador
South Korea,Ecuador,إسبانيا,الاكوادور,0,1,1,2,50,50,0,South_Korea,Ecuador
Spain,Ecuador,سويسرا,الاكوادور,0,0,2,2,100,0,0,Spain,Ecuador
Switzerland,Ecuador,الولايات المتحدة ,الاكوادور,0,0,1,1,100,0,0,Switzerland,Ecuador
United States,Ecuador,أوروغواي,الاكوادور,4,5,4,13,31,38,31,United_States,Ecuador
Uruguay,Ecuador,السعودية,الاكوادور,10,7,31,48,65,15,21,Uruguay,Ecuador
Argentina,England,الأرجنتين,إنجلترا,6,6,3,15,20,40,40,Argentina,England
Australia,England,أستراليا,إنجلترا,2,4,1,7,14,57,29,Australia,England
Belgium,England,بلجيكا,إنجلترا,5,17,4,26,15,65,19,Belgium,England
Brazil,England,البرازيل,إنجلترا,11,4,11,26,42,15,42,Brazil,England
Cameroon,England,الكاميرون,إنجلترا,1,3,0,4,0,75,25,Cameroon,England
Canada,England,كندا,إنجلترا,0,1,0,1,0,100,0,Canada,England
Costa Rica,England,كوستا ريكا,إنجلترا,1,1,0,2,0,50,50,Costa_Rica,England
Croatia,England,كرواتيا,إنجلترا,2,6,3,11,27,55,18,Croatia,England
Denmark,England,الدنمارك,إنجلترا,5,13,4,22,18,59,23,Denmark,England
Ecuador,England,الاكوادور,إنجلترا,1,2,0,3,0,67,33,Ecuador,England
France,England,فرنسا,إنجلترا,6,17,10,33,30,52,18,France,England
Germany,England,ألمانيا,إنجلترا,7,14,13,34,38,41,21,Germany,England
Ghana,England,غانا,إنجلترا,1,0,0,1,0,0,100,Ghana,England
Japan,England,اليابان,إنجلترا,1,2,0,3,0,67,33,Japan,England
Mexico,England,المكسيك,إنجلترا,1,7,2,10,20,70,10,Mexico,England
Morocco,England,المغرب,إنجلترا,1,1,0,2,0,50,50,Morocco,England
Netherlands,England,هولندا,إنجلترا,9,6,7,22,32,27,41,Netherlands,England
Poland,England,بولندا,إنجلترا,8,12,1,21,5,57,38,Poland,England
Portugal,England,البرتغال,إنجلترا,10,10,3,23,13,43,43,Portugal,England
Saudi Arabia,England,السعودية,إنجلترا,2,0,0,2,0,0,100,Saudi_Arabia,England
Serbia,England,صربيا,إنجلترا,0,1,0,1,0,100,0,Serbia,England
South Korea,England,كوريا الجنوبية,إنجلترا,1,0,0,1,0,0,100,South_Korea,England
Spain,England,إسبانيا,إنجلترا,4,13,10,27,37,48,15,Spain,England
Switzerland,England,سويسرا,إنجلترا,6,19,4,29,14,66,21,Switzerland,England
Tunisia,England,تونس,إنجلترا,1,2,0,3,0,67,33,Tunisia,England
United States,England,الولايات المتحدة ,إنجلترا,1,8,2,11,18,73,9,United_States,England
Uruguay,England,أوروغواي,إنجلترا,3,3,5,11,45,27,27,Uruguay,England
Wales,England,ويلز,إنجلترا,19,51,13,83,16,61,23,Wales,England
Argentina,France,الأرجنتين,فرنسا,3,3,6,12,50,25,25,Argentina,France
Australia,France,أستراليا,فرنسا,1,3,1,5,20,60,20,Australia,France
Belgium,France,بلجيكا,فرنسا,19,26,30,75,40,35,25,Belgium,France
Brazil,France,البرازيل,فرنسا,4,5,7,16,44,31,25,Brazil,France
Cameroon,France,الكاميرون,فرنسا,1,2,0,3,0,67,33,Cameroon,France
Canada,France,كندا,فرنسا,0,1,0,1,0,100,0,Canada,France
Costa Rica,France,كوستا ريكا,فرنسا,0,2,0,2,0,100,0,Costa_Rica,France
Croatia,France,كرواتيا,فرنسا,3,6,1,10,10,60,30,Croatia,France
Denmark,France,الدنمارك,فرنسا,2,8,5,15,33,53,13,Denmark,France
Ecuador,France,الاكوادور,فرنسا,1,1,0,2,0,50,50,Ecuador,France
England,France,إنجلترا,فرنسا,6,10,17,33,52,30,18,England,France
Germany,France,ألمانيا,فرنسا,8,15,9,32,28,47,25,Germany,France
Iran,France,إيران,فرنسا,0,1,0,1,0,100,0,Iran,France
Japan,France,اليابان,فرنسا,1,4,1,6,17,67,17,Japan,France
Mexico,France,المكسيك,فرنسا,1,5,1,7,14,71,14,Mexico,France
Morocco,France,المغرب,فرنسا,2,3,0,5,0,60,40,Morocco,France
Netherlands,France,هولندا,فرنسا,4,13,11,28,39,46,14,Netherlands,France
Poland,France,بولندا,فرنسا,5,8,3,16,19,50,31,Poland,France
Portugal,France,البرتغال,فرنسا,3,17,6,26,23,65,12,Portugal,France
Saudi Arabia,France,السعودية,فرنسا,0,1,0,1,0,100,0,Saudi_Arabia,France
Senegal,France,السنغال,فرنسا,0,0,1,1,100,0,0,Senegal,France
Serbia,France,صربيا,فرنسا,2,4,0,6,0,67,33,Serbia,France
South Korea,France,كوريا الجنوبية,فرنسا,1,2,0,3,0,67,33,South_Korea,France
Spain,France,إسبانيا,فرنسا,7,13,16,36,44,36,19,Spain,France
Switzerland,France,سويسرا,فرنسا,11,16,12,39,31,41,28,Switzerland,France
Tunisia,France,تونس,فرنسا,2,2,0,4,0,50,50,Tunisia,France
United States,France,الولايات المتحدة ,فرنسا,1,3,0,4,0,75,25,United_States,France
Uruguay,France,أوروغواي,فرنسا,4,3,2,9,22,33,44,Uruguay,France
Wales,France,ويلز,فرنسا,1,4,1,6,17,67,17,Wales,France
Argentina,Germany,الأرجنتين,ألمانيا,6,7,10,23,43,30,26,Argentina,Germany
Australia,Germany,أستراليا,ألمانيا,1,4,1,6,17,67,17,Australia,Germany
Belgium,Germany,بلجيكا,ألمانيا,1,20,4,25,16,80,4,Belgium,Germany
Brazil,Germany,البرازيل,ألمانيا,5,5,13,23,57,22,22,Brazil,Germany
Cameroon,Germany,الكاميرون,ألمانيا,1,3,0,4,0,75,25,Cameroon,Germany
Canada,Germany,كندا,ألمانيا,0,2,0,2,0,100,0,Canada,Germany
Costa Rica,Germany,كوستا ريكا,ألمانيا,0,1,0,1,0,100,0,Costa_Rica,Germany
Croatia,Germany,كرواتيا,ألمانيا,1,5,2,8,25,62,12,Croatia,Germany
Denmark,Germany,الدنمارك,ألمانيا,5,15,8,28,29,54,18,Denmark,Germany
Ecuador,Germany,الاكوادور,ألمانيا,0,2,0,2,0,100,0,Ecuador,Germany
England,Germany,إنجلترا,ألمانيا,7,13,14,34,41,38,21,England,Germany
France,Germany,فرنسا,ألمانيا,8,9,15,32,47,28,25,France,Germany
Ghana,Germany,غانا,ألمانيا,1,2,0,3,0,67,33,Ghana,Germany
Iran,Germany,إيران,ألمانيا,0,2,0,2,0,100,0,Iran,Germany
Japan,Germany,اليابان,ألمانيا,1,1,0,2,0,50,50,Japan,Germany
Mexico,Germany,المكسيك,ألمانيا,5,5,2,12,17,42,42,Mexico,Germany
Morocco,Germany,المغرب,ألمانيا,0,4,0,4,0,100,0,Morocco,Germany
Netherlands,Germany,هولندا,ألمانيا,17,16,12,45,27,36,38,Netherlands,Germany
Poland,Germany,بولندا,ألمانيا,7,13,1,21,5,62,33,Poland,Germany
Portugal,Germany,البرتغال,ألمانيا,5,11,3,19,16,58,26,Portugal,Germany
Saudi Arabia,Germany,السعودية,ألمانيا,0,3,0,3,0,100,0,Saudi_Arabia,Germany
Serbia,Germany,صربيا,ألمانيا,2,2,1,5,20,40,40,Serbia,Germany
South Korea,Germany,كوريا الجنوبية,ألمانيا,0,2,2,4,50,50,0,South_Korea,Germany
Spain,Germany,إسبانيا,ألمانيا,8,9,8,25,32,36,32,Spain,Germany
Switzerland,Germany,سويسرا,ألمانيا,8,35,9,52,17,67,15,Switzerland,Germany
Tunisia,Germany,تونس,ألمانيا,2,1,0,3,0,33,67,Tunisia,Germany
United States,Germany,الولايات المتحدة ,ألمانيا,0,7,4,11,36,64,0,United_States,Germany
Uruguay,Germany,أوروغواي,ألمانيا,2,8,0,10,0,80,20,Uruguay,Germany
Wales,Germany,ويلز,ألمانيا,6,9,2,17,12,53,35,Wales,Germany
Argentina,Ghana,الأرجنتين,غانا,0,0,1,1,100,0,0,Argentina,Ghana
Australia,Ghana,أستراليا,غانا,2,1,4,7,57,14,29,Australia,Ghana
Brazil,Ghana,البرازيل,غانا,0,0,5,5,100,0,0,Brazil,Ghana
Cameroon,Ghana,الكاميرون,غانا,4,2,2,8,25,25,50,Cameroon,Ghana
Canada,Ghana,كندا,غانا,0,0,1,1,100,0,0,Canada,Ghana
Denmark,Ghana,الدنمارك,غانا,0,0,1,1,100,0,0,Denmark,Ghana
England,Ghana,إنجلترا,غانا,1,0,0,1,0,0,100,England,Ghana
Germany,Ghana,ألمانيا,غانا,1,0,2,3,67,0,33,Germany,Ghana
Iran,Ghana,إيران,غانا,0,0,2,2,100,0,0,Iran,Ghana
Japan,Ghana,اليابان,غانا,0,2,5,7,71,29,0,Japan,Ghana
Mexico,Ghana,المكسيك,غانا,0,0,2,2,100,0,0,Mexico,Ghana
Morocco,Ghana,المغرب,غانا,3,2,5,10,50,20,30,Morocco,Ghana
Netherlands,Ghana,هولندا,غانا,1,0,2,3,67,0,33,Netherlands,Ghana
Portugal,Ghana,البرتغال,غانا,0,0,1,1,100,0,0,Portugal,Ghana
Qatar,Ghana,قطر,غانا,0,1,0,1,0,100,0,Qatar,Ghana
Saudi Arabia,Ghana,السعودية,غانا,2,2,1,5,20,40,40,Saudi_Arabia,Ghana
Senegal,Ghana,السنغال,غانا,5,3,4,12,33,25,42,Senegal,Ghana
Serbia,Ghana,صربيا,غانا,0,1,1,2,50,50,0,Serbia,Ghana
South Korea,Ghana,كوريا الجنوبية,غانا,0,3,3,6,50,50,0,South_Korea,Ghana
Tunisia,Ghana,تونس,غانا,5,9,3,17,18,53,29,Tunisia,Ghana
United States,Ghana,الولايات المتحدة ,غانا,0,2,2,4,50,50,0,United_States,Ghana
Uruguay,Ghana,أوروغواي,غانا,1,0,0,1,0,0,100,Uruguay,Ghana
Argentina,Iran,الأرجنتين,إيران,1,0,1,2,50,0,50,Argentina,Iran
Australia,Iran,أستراليا,إيران,2,3,2,7,29,43,29,Australia,Iran
Brazil,Iran,البرازيل,إيران,0,0,1,1,100,0,0,Brazil,Iran
Cameroon,Iran,الكاميرون,إيران,2,0,0,2,0,0,100,Cameroon,Iran
Canada,Iran,كندا,إيران,0,2,1,3,33,67,0,Canada,Iran
Costa Rica,Iran,كوستا ريكا,إيران,1,1,0,2,0,50,50,Costa_Rica,Iran
Croatia,Iran,كرواتيا,إيران,1,0,1,2,50,0,50,Croatia,Iran
Denmark,Iran,الدنمارك,إيران,1,0,0,1,0,0,100,Denmark,Iran
Ecuador,Iran,الاكوادور,إيران,2,0,1,3,33,0,67,Ecuador,Iran
France,Iran,فرنسا,إيران,0,0,1,1,100,0,0,France,Iran
Germany,Iran,ألمانيا,إيران,0,0,2,2,100,0,0,Germany,Iran
Ghana,Iran,غانا,إيران,0,2,0,2,0,100,0,Ghana,Iran
Japan,Iran,اليابان,إيران,5,2,4,11,36,18,45,Japan,Iran
Mexico,Iran,المكسيك,إيران,0,0,3,3,100,0,0,Mexico,Iran
Morocco,Iran,المغرب,إيران,2,1,0,3,0,33,67,Morocco,Iran
Netherlands,Iran,هولندا,إيران,0,0,1,1,100,0,0,Netherlands,Iran
Poland,Iran,بولندا,إيران,0,0,2,2,100,0,0,Poland,Iran
Portugal,Iran,البرتغال,إيران,1,0,2,3,67,0,33,Portugal,Iran
Qatar,Iran,قطر,إيران,4,15,3,22,14,68,18,Qatar,Iran
Saudi Arabia,Iran,السعودية,إيران,6,4,4,14,29,29,43,Saudi_Arabia,Iran
Senegal,Iran,السنغال,إيران,2,0,0,2,0,0,100,Senegal,Iran
Serbia,Iran,صربيا,إيران,0,0,1,1,100,0,0,Serbia,Iran
South Korea,Iran,كوريا الجنوبية,إيران,9,10,8,27,30,37,33,South_Korea,Iran
Spain,Iran,إسبانيا,إيران,0,0,1,1,100,0,0,Spain,Iran
Tunisia,Iran,تونس,إيران,1,0,1,2,50,0,50,Tunisia,Iran
United States,Iran,الولايات المتحدة ,إيران,1,1,0,2,0,50,50,United_States,Iran
Uruguay,Iran,أوروغواي,إيران,1,1,0,2,0,50,50,Uruguay,Iran
Wales,Iran,ويلز,إيران,0,0,1,1,100,0,0,Wales,Iran
Argentina,Japan,الأرجنتين,اليابان,0,1,6,7,86,14,0,Argentina,Japan
Australia,Japan,أستراليا,اليابان,9,11,6,26,23,42,35,Australia,Japan
Belgium,Japan,بلجيكا,اليابان,2,2,2,6,33,33,33,Belgium,Japan
Brazil,Japan,البرازيل,اليابان,2,0,11,13,85,0,15,Brazil,Japan
Cameroon,Japan,الكاميرون,اليابان,2,3,0,5,0,60,40,Cameroon,Japan
Canada,Japan,كندا,اليابان,0,2,0,2,0,100,0,Canada,Japan
Costa Rica,Japan,كوستا ريكا,اليابان,1,3,0,4,0,75,25,Costa_Rica,Japan
Croatia,Japan,كرواتيا,اليابان,1,1,1,3,33,33,33,Croatia,Japan
Denmark,Japan,الدنمارك,اليابان,0,1,1,2,50,50,0,Denmark,Japan
Ecuador,Japan,الاكوادور,اليابان,2,2,0,4,0,50,50,Ecuador,Japan
England,Japan,إنجلترا,اليابان,1,0,2,3,67,0,33,England,Japan
France,Japan,فرنسا,اليابان,1,1,4,6,67,17,17,France,Japan
Germany,Japan,ألمانيا,اليابان,1,0,1,2,50,0,50,Germany,Japan
Ghana,Japan,غانا,اليابان,0,5,2,7,29,71,0,Ghana,Japan
Iran,Japan,إيران,اليابان,5,4,2,11,18,36,45,Iran,Japan
Mexico,Japan,المكسيك,اليابان,0,1,6,7,86,14,0,Mexico,Japan
Netherlands,Japan,هولندا,اليابان,1,0,2,3,67,0,33,Netherlands,Japan
Poland,Japan,بولندا,اليابان,0,2,5,7,71,29,0,Poland,Japan
Qatar,Japan,قطر,اليابان,3,2,2,7,29,29,43,Qatar,Japan
Saudi Arabia,Japan,السعودية,اليابان,1,10,4,15,27,67,7,Saudi_Arabia,Japan
Senegal,Japan,السنغال,اليابان,2,0,2,4,50,0,50,Senegal,Japan
Serbia,Japan,صربيا,اليابان,0,4,4,8,50,50,0,Serbia,Japan
South Korea,Japan,كوريا الجنوبية,اليابان,21,12,33,66,50,18,32,South_Korea,Japan
Spain,Japan,إسبانيا,اليابان,0,0,1,1,100,0,0,Spain,Japan
Switzerland,Japan,سويسرا,اليابان,1,1,1,3,33,33,33,Switzerland,Japan
Tunisia,Japan,تونس,اليابان,0,4,1,5,20,80,0,Tunisia,Japan
United States,Japan,الولايات المتحدة ,اليابان,0,2,1,3,33,67,0,United_States,Japan
Uruguay,Japan,أوروغواي,اليابان,2,2,4,8,50,25,25,Uruguay,Japan
Wales,Japan,ويلز,اليابان,0,0,1,1,100,0,0,Wales,Japan
Argentina,Mexico,الأرجنتين,المكسيك,12,4,15,31,48,13,39,Argentina,Mexico
Australia,Mexico,أستراليا,المكسيك,2,0,2,4,50,0,50,Australia,Mexico
Belgium,Mexico,بلجيكا,المكسيك,2,3,2,7,29,43,29,Belgium,Mexico
Brazil,Mexico,البرازيل,المكسيك,7,10,24,41,59,24,17,Brazil,Mexico
Cameroon,Mexico,الكاميرون,المكسيك,0,2,0,2,0,100,0,Cameroon,Mexico
Canada,Mexico,كندا,المكسيك,8,21,4,33,12,64,24,Canada,Mexico
Costa Rica,Mexico,كوستا ريكا,المكسيك,19,28,6,53,11,53,36,Costa_Rica,Mexico
Croatia,Mexico,كرواتيا,المكسيك,0,2,4,6,67,33,0,Croatia,Mexico
Denmark,Mexico,الدنمارك,المكسيك,2,1,2,5,40,20,40,Denmark,Mexico
Ecuador,Mexico,الاكوادور,المكسيك,6,14,4,24,17,58,25,Ecuador,Mexico
England,Mexico,إنجلترا,المكسيك,1,2,7,10,70,20,10,England,Mexico
France,Mexico,فرنسا,المكسيك,1,1,5,7,71,14,14,France,Mexico
Germany,Mexico,ألمانيا,المكسيك,5,2,5,12,42,17,42,Germany,Mexico
Ghana,Mexico,غانا,المكسيك,0,2,0,2,0,100,0,Ghana,Mexico
Iran,Mexico,إيران,المكسيك,0,3,0,3,0,100,0,Iran,Mexico
Japan,Mexico,اليابان,المكسيك,0,6,1,7,14,86,0,Japan,Mexico
Netherlands,Mexico,هولندا,المكسيك,1,4,4,9,44,44,11,Netherlands,Mexico
Poland,Mexico,بولندا,المكسيك,3,3,3,9,33,33,33,Poland,Mexico
Portugal,Mexico,البرتغال,المكسيك,2,0,3,5,60,0,40,Portugal,Mexico
Saudi Arabia,Mexico,السعودية,المكسيك,1,4,0,5,0,80,20,Saudi_Arabia,Mexico
Senegal,Mexico,السنغال,المكسيك,0,1,0,1,0,100,0,Senegal,Mexico
Serbia,Mexico,صربيا,المكسيك,1,1,2,4,50,25,25,Serbia,Mexico
South Korea,Mexico,كوريا الجنوبية,المكسيك,2,8,3,13,23,62,15,South_Korea,Mexico
Spain,Mexico,إسبانيا,المكسيك,3,0,3,6,50,0,50,Spain,Mexico
Switzerland,Mexico,سويسرا,المكسيك,1,1,4,6,67,17,17,Switzerland,Mexico
Tunisia,Mexico,تونس,المكسيك,0,0,1,1,100,0,0,Tunisia,Mexico
United States,Mexico,الولايات المتحدة ,المكسيك,15,35,21,71,30,49,21,United_States,Mexico
Uruguay,Mexico,أوروغواي,المكسيك,7,8,7,22,32,36,32,Uruguay,Mexico
Wales,Mexico,ويلز,المكسيك,2,2,1,5,20,40,40,Wales,Mexico
Argentina,Morocco,الأرجنتين,المغرب,0,0,3,3,100,0,0,Argentina,Morocco
Australia,Morocco,أستراليا,المغرب,0,0,1,1,100,0,0,Australia,Morocco
Belgium,Morocco,بلجيكا,المغرب,0,1,2,3,67,33,0,Belgium,Morocco
Brazil,Morocco,البرازيل,المغرب,0,0,2,2,100,0,0,Brazil,Morocco
Cameroon,Morocco,الكاميرون,المغرب,4,1,6,11,55,9,36,Cameroon,Morocco
Canada,Morocco,كندا,المغرب,1,2,0,3,0,67,33,Canada,Morocco
Croatia,Morocco,كرواتيا,المغرب,1,0,0,1,0,0,100,Croatia,Morocco
England,Morocco,إنجلترا,المغرب,1,0,1,2,50,0,50,England,Morocco
France,Morocco,فرنسا,المغرب,2,0,3,5,60,0,40,France,Morocco
Germany,Morocco,ألمانيا,المغرب,0,0,4,4,100,0,0,Germany,Morocco
Ghana,Morocco,غانا,المغرب,3,5,2,10,20,50,30,Ghana,Morocco
Iran,Morocco,إيران,المغرب,2,0,1,3,33,0,67,Iran,Morocco
Netherlands,Morocco,هولندا,المغرب,0,1,2,3,67,33,0,Netherlands,Morocco
Poland,Morocco,بولندا,المغرب,2,1,1,4,25,25,50,Poland,Morocco
Portugal,Morocco,البرتغال,المغرب,0,1,1,2,50,50,0,Portugal,Morocco
Qatar,Morocco,قطر,المغرب,1,1,0,2,0,50,50,Qatar,Morocco
Saudi Arabia,Morocco,السعودية,المغرب,1,3,3,7,43,43,14,Saudi_Arabia,Morocco
Senegal,Morocco,السنغال,المغرب,5,18,6,29,21,62,17,Senegal,Morocco
Serbia,Morocco,صربيا,المغرب,0,1,0,1,0,100,0,Serbia,Morocco
South Korea,Morocco,كوريا الجنوبية,المغرب,3,1,0,4,0,25,75,South_Korea,Morocco
Spain,Morocco,إسبانيا,المغرب,1,0,2,3,67,0,33,Spain,Morocco
Switzerland,Morocco,سويسرا,المغرب,0,2,0,2,0,100,0,Switzerland,Morocco
Tunisia,Morocco,تونس,المغرب,22,10,6,38,16,26,58,Tunisia,Morocco
United States,Morocco,الولايات المتحدة ,المغرب,0,3,1,4,25,75,0,United_States,Morocco
Uruguay,Morocco,أوروغواي,المغرب,0,0,1,1,100,0,0,Uruguay,Morocco
Argentina,Netherlands,الأرجنتين,هولندا,4,4,1,9,11,44,44,Argentina,Netherlands
Australia,Netherlands,أستراليا,هولندا,2,1,1,4,25,25,50,Australia,Netherlands
Belgium,Netherlands,بلجيكا,هولندا,31,55,40,126,32,44,25,Belgium,Netherlands
Brazil,Netherlands,البرازيل,هولندا,5,4,3,12,25,33,42,Brazil,Netherlands
Cameroon,Netherlands,الكاميرون,هولندا,1,2,0,3,0,67,33,Cameroon,Netherlands
Canada,Netherlands,كندا,هولندا,0,1,0,1,0,100,0,Canada,Netherlands
Costa Rica,Netherlands,كوستا ريكا,هولندا,1,0,0,1,0,0,100,Costa_Rica,Netherlands
Croatia,Netherlands,كرواتيا,هولندا,0,1,1,2,50,50,0,Croatia,Netherlands
Denmark,Netherlands,الدنمارك,هولندا,10,13,8,31,26,42,32,Denmark,Netherlands
Ecuador,Netherlands,الاكوادور,هولندا,1,1,0,2,0,50,50,Ecuador,Netherlands
England,Netherlands,إنجلترا,هولندا,9,7,6,22,27,32,41,England,Netherlands
France,Netherlands,فرنسا,هولندا,4,11,13,28,46,39,14,France,Netherlands
Germany,Netherlands,ألمانيا,هولندا,17,12,16,45,36,27,38,Germany,Netherlands
Ghana,Netherlands,غانا,هولندا,1,2,0,3,0,67,33,Ghana,Netherlands
Iran,Netherlands,إيران,هولندا,0,1,0,1,0,100,0,Iran,Netherlands
Japan,Netherlands,اليابان,هولندا,1,2,0,3,0,67,33,Japan,Netherlands
Mexico,Netherlands,المكسيك,هولندا,1,4,4,9,44,44,11,Mexico,Netherlands
Morocco,Netherlands,المغرب,هولندا,0,2,1,3,33,67,0,Morocco,Netherlands
Poland,Netherlands,بولندا,هولندا,7,8,3,18,17,44,39,Poland,Netherlands
Portugal,Netherlands,البرتغال,هولندا,4,2,8,14,57,14,29,Portugal,Netherlands
Saudi Arabia,Netherlands,السعودية,هولندا,0,1,0,1,0,100,0,Saudi_Arabia,Netherlands
Serbia,Netherlands,صربيا,هولندا,0,3,0,3,0,100,0,Serbia,Netherlands
South Korea,Netherlands,كوريا الجنوبية,هولندا,0,2,0,2,0,100,0,South_Korea,Netherlands
Spain,Netherlands,إسبانيا,هولندا,2,6,4,12,33,50,17,Spain,Netherlands
Switzerland,Netherlands,سويسرا,هولندا,3,14,15,32,47,44,9,Switzerland,Netherlands
Tunisia,Netherlands,تونس,هولندا,2,1,0,3,0,33,67,Tunisia,Netherlands
United States,Netherlands,الولايات المتحدة ,هولندا,0,4,1,5,20,80,0,United_States,Netherlands
Uruguay,Netherlands,أوروغواي,هولندا,1,2,1,4,25,50,25,Uruguay,Netherlands
Wales,Netherlands,ويلز,هولندا,0,10,0,10,0,100,0,Wales,Netherlands
Argentina,Poland,الأرجنتين,بولندا,2,3,6,11,55,27,18,Argentina,Poland
Australia,Poland,أستراليا,بولندا,0,0,1,1,100,0,0,Australia,Poland
Belgium,Poland,بلجيكا,بولندا,6,7,8,21,38,33,29,Belgium,Poland
Brazil,Poland,البرازيل,بولندا,2,1,9,12,75,8,17,Brazil,Poland
Cameroon,Poland,الكاميرون,بولندا,2,0,1,3,33,0,67,Cameroon,Poland
Canada,Poland,كندا,بولندا,0,6,0,6,0,100,0,Canada,Poland
Costa Rica,Poland,كوستا ريكا,بولندا,0,2,0,2,0,100,0,Costa_Rica,Poland
Croatia,Poland,كرواتيا,بولندا,1,1,3,5,60,20,20,Croatia,Poland
Denmark,Poland,الدنمارك,بولندا,1,8,10,19,53,42,5,Denmark,Poland
Ecuador,Poland,الاكوادور,بولندا,1,1,1,3,33,33,33,Ecuador,Poland
England,Poland,إنجلترا,بولندا,8,1,12,21,57,5,38,England,Poland
France,Poland,فرنسا,بولندا,5,3,8,16,50,19,31,France,Poland
Germany,Poland,ألمانيا,بولندا,7,1,13,21,62,5,33,Germany,Poland
Iran,Poland,إيران,بولندا,0,2,0,2,0,100,0,Iran,Poland
Japan,Poland,اليابان,بولندا,0,5,2,7,29,71,0,Japan,Poland
Mexico,Poland,المكسيك,بولندا,3,3,3,9,33,33,33,Mexico,Poland
Morocco,Poland,المغرب,بولندا,2,1,1,4,25,25,50,Morocco,Poland
Netherlands,Poland,هولندا,بولندا,7,3,8,18,44,17,39,Netherlands,Poland
Portugal,Poland,البرتغال,بولندا,5,3,5,13,38,23,38,Portugal,Poland
Saudi Arabia,Poland,السعودية,بولندا,0,4,0,4,0,100,0,Saudi_Arabia,Poland
Senegal,Poland,السنغال,بولندا,0,0,1,1,100,0,0,Senegal,Poland
Serbia,Poland,صربيا,بولندا,3,4,0,7,0,57,43,Serbia,Poland
South Korea,Poland,كوريا الجنوبية,بولندا,1,1,1,3,33,33,33,South_Korea,Poland
Spain,Poland,إسبانيا,بولندا,2,1,8,11,73,9,18,Spain,Poland
Switzerland,Poland,سويسرا,بولندا,5,4,1,10,10,40,50,Switzerland,Poland
Tunisia,Poland,تونس,بولندا,0,2,1,3,33,67,0,Tunisia,Poland
United States,Poland,الولايات المتحدة ,بولندا,3,6,7,16,44,38,19,United_States,Poland
Uruguay,Poland,أوروغواي,بولندا,2,1,1,4,25,25,50,Uruguay,Poland
Wales,Poland,ويلز,بولندا,2,6,1,9,11,67,22,Wales,Poland
Argentina,Portugal,الأرجنتين,البرتغال,1,2,5,8,62,25,12,Argentina,Portugal
Belgium,Portugal,بلجيكا,البرتغال,7,6,6,19,32,32,37,Belgium,Portugal
Brazil,Portugal,البرازيل,البرتغال,3,4,14,21,67,19,14,Brazil,Portugal
Cameroon,Portugal,الكاميرون,البرتغال,0,2,0,2,0,100,0,Cameroon,Portugal
Canada,Portugal,كندا,البرتغال,1,1,0,2,0,50,50,Canada,Portugal
Croatia,Portugal,كرواتيا,البرتغال,1,6,0,7,0,86,14,Croatia,Portugal
Denmark,Portugal,الدنمارك,البرتغال,2,10,3,15,20,67,13,Denmark,Portugal
Ecuador,Portugal,الاكوادور,البرتغال,0,1,1,2,50,50,0,Ecuador,Portugal
England,Portugal,إنجلترا,البرتغال,10,3,10,23,43,13,43,England,Portugal
France,Portugal,فرنسا,البرتغال,3,6,17,26,65,23,12,France,Portugal
Germany,Portugal,ألمانيا,البرتغال,5,3,11,19,58,16,26,Germany,Portugal
Ghana,Portugal,غانا,البرتغال,0,1,0,1,0,100,0,Ghana,Portugal
Iran,Portugal,إيران,البرتغال,1,2,0,3,0,67,33,Iran,Portugal
Mexico,Portugal,المكسيك,البرتغال,2,3,0,5,0,60,40,Mexico,Portugal
Morocco,Portugal,المغرب,البرتغال,0,1,1,2,50,50,0,Morocco,Portugal
Netherlands,Portugal,هولندا,البرتغال,4,8,2,14,14,57,29,Netherlands,Portugal
Poland,Portugal,بولندا,البرتغال,5,5,3,13,23,38,38,Poland,Portugal
Qatar,Portugal,قطر,البرتغال,0,2,0,2,0,100,0,Qatar,Portugal
Saudi Arabia,Portugal,السعودية,البرتغال,0,2,0,2,0,100,0,Saudi_Arabia,Portugal
Serbia,Portugal,صربيا,البرتغال,4,3,1,8,12,38,50,Serbia,Portugal
South Korea,Portugal,كوريا الجنوبية,البرتغال,0,0,1,1,100,0,0,South_Korea,Portugal
Spain,Portugal,إسبانيا,البرتغال,17,8,15,40,38,20,42,Spain,Portugal
Switzerland,Portugal,سويسرا,البرتغال,5,9,11,25,44,36,20,Switzerland,Portugal
Tunisia,Portugal,تونس,البرتغال,2,0,0,2,0,0,100,Tunisia,Portugal
United States,Portugal,الولايات المتحدة ,البرتغال,3,2,2,7,29,29,43,United_States,Portugal
Uruguay,Portugal,أوروغواي,البرتغال,1,1,1,3,33,33,33,Uruguay,Portugal
Wales,Portugal,ويلز,البرتغال,0,3,1,4,25,75,0,Wales,Portugal
Argentina,Qatar,الأرجنتين,قطر,0,0,2,2,100,0,0,Argentina,Qatar
Australia,Qatar,أستراليا,قطر,1,1,3,5,60,20,20,Australia,Qatar
Belgium,Qatar,بلجيكا,قطر,0,0,1,1,100,0,0,Belgium,Qatar
Brazil,Qatar,البرازيل,قطر,0,0,1,1,100,0,0,Brazil,Qatar
Canada,Qatar,كوستا ريكا,قطر,0,0,1,1,100,0,0,Canada,Qatar
Costa Rica,Qatar,كرواتيا,قطر,1,0,0,1,0,0,100,Costa_Rica,Qatar
Croatia,Qatar,الاكوادور,قطر,0,0,1,1,100,0,0,Croatia,Qatar
Ecuador,Qatar,غانا,قطر,1,1,1,3,33,33,33,Ecuador,Qatar
Ghana,Qatar,إيران,قطر,0,0,1,1,100,0,0,Ghana,Qatar
Iran,Qatar,اليابان,قطر,4,3,15,22,68,14,18,Iran,Qatar
Japan,Qatar,المغرب,قطر,3,2,2,7,29,29,43,Japan,Qatar
Morocco,Qatar,البرتغال,قطر,1,0,1,2,50,0,50,Morocco,Qatar
Portugal,Qatar,السعودية,قطر,0,0,2,2,100,0,0,Portugal,Qatar
Saudi Arabia,Qatar,صربيا,قطر,14,8,17,39,44,21,36,Saudi_Arabia,Qatar
Serbia,Qatar,كوريا الجنوبية,قطر,0,1,2,3,67,33,0,Serbia,Qatar
South Korea,Qatar,سويسرا,قطر,1,3,6,10,60,30,10,South_Korea,Qatar
Switzerland,Qatar,تونس,قطر,0,1,0,1,0,100,0,Switzerland,Qatar
Tunisia,Qatar,الولايات المتحدة ,قطر,0,2,1,3,33,67,0,Tunisia,Qatar
United States,Qatar,ويلز,قطر,0,0,1,1,100,0,0,United_States,Qatar
Wales,Qatar,كندا,قطر,0,0,1,1,100,0,0,Wales,Qatar
Argentina,Saudi Arabia,الأرجنتين,السعودية,2,0,2,4,50,0,50,Argentina,Saudi_Arabia
Australia,Saudi Arabia,أستراليا,السعودية,3,2,5,10,50,20,30,Australia,Saudi_Arabia
Belgium,Saudi Arabia,بلجيكا,السعودية,0,1,2,3,67,33,0,Belgium,Saudi_Arabia
Brazil,Saudi Arabia,البرازيل,السعودية,0,0,5,5,100,0,0,Brazil,Saudi_Arabia
Cameroon,Saudi Arabia,الكاميرون,السعودية,1,2,2,5,40,40,20,Cameroon,Saudi_Arabia
Canada,Saudi Arabia,كندا,السعودية,0,1,0,1,0,100,0,Canada,Saudi_Arabia
Costa Rica,Saudi Arabia,كوستا ريكا,السعودية,0,1,3,4,75,25,0,Costa_Rica,Saudi_Arabia
Denmark,Saudi Arabia,الدنمارك,السعودية,0,0,3,3,100,0,0,Denmark,Saudi_Arabia
Ecuador,Saudi Arabia,إنجلترا,السعودية,1,0,0,1,0,0,100,Ecuador,Saudi_Arabia
England,Saudi Arabia,فرنسا,السعودية,2,0,0,2,0,0,100,England,Saudi_Arabia
France,Saudi Arabia,ألمانيا,السعودية,0,0,1,1,100,0,0,France,Saudi_Arabia
Germany,Saudi Arabia,غانا,السعودية,0,0,3,3,100,0,0,Germany,Saudi_Arabia
Ghana,Saudi Arabia,إيران,السعودية,2,1,2,5,40,20,40,Ghana,Saudi_Arabia
Iran,Saudi Arabia,اليابان,السعودية,6,4,4,14,29,29,43,Iran,Saudi_Arabia
Japan,Saudi Arabia,المكسيك,السعودية,1,4,10,15,67,27,7,Japan,Saudi_Arabia
Mexico,Saudi Arabia,المغرب,السعودية,1,0,4,5,80,0,20,Mexico,Saudi_Arabia
Morocco,Saudi Arabia,هولندا,السعودية,1,3,3,7,43,43,14,Morocco,Saudi_Arabia
Netherlands,Saudi Arabia,بولندا,السعودية,0,0,1,1,100,0,0,Netherlands,Saudi_Arabia
Poland,Saudi Arabia,البرتغال,السعودية,0,0,4,4,100,0,0,Poland,Saudi_Arabia
Portugal,Saudi Arabia,قطر,السعودية,0,0,2,2,100,0,0,Portugal,Saudi_Arabia
Qatar,Saudi Arabia,السنغال,السعودية,14,17,8,39,21,44,36,Qatar,Saudi_Arabia
Senegal,Saudi Arabia,كوريا الجنوبية,السعودية,0,2,0,2,0,100,0,Senegal,Saudi_Arabia
South Korea,Saudi Arabia,إسبانيا,السعودية,8,4,4,16,25,25,50,South_Korea,Saudi_Arabia
Spain,Saudi Arabia,تونس,السعودية,0,0,3,3,100,0,0,Spain,Saudi_Arabia
Tunisia,Saudi Arabia,الولايات المتحدة ,السعودية,1,3,4,8,50,38,12,Tunisia,Saudi_Arabia
United States,Saudi Arabia,أوروغواي,السعودية,2,2,2,6,33,33,33,United_States,Saudi_Arabia
Uruguay,Saudi Arabia,ويلز,السعودية,1,1,1,3,33,33,33,Uruguay,Saudi_Arabia
Wales,Saudi Arabia,الاكوادور,السعودية,0,0,1,1,100,0,0,Wales,Saudi_Arabia
Brazil,Senegal,البرازيل,السنغال,1,0,0,1,0,0,100,Brazil,Senegal
Cameroon,Senegal,الكاميرون,السنغال,5,5,3,13,23,38,38,Cameroon,Senegal
Croatia,Senegal,كرواتيا,السنغال,0,0,1,1,100,0,0,Croatia,Senegal
Denmark,Senegal,الدنمارك,السنغال,1,0,2,3,67,0,33,Denmark,Senegal
Ecuador,Senegal,الاكوادور,السنغال,0,2,0,2,0,100,0,Ecuador,Senegal
France,Senegal,فرنسا,السنغال,0,1,0,1,0,100,0,France,Senegal
Ghana,Senegal,غانا,السنغال,5,4,3,12,25,33,42,Ghana,Senegal
Iran,Senegal,إيران,السنغال,2,0,0,2,0,0,100,Iran,Senegal
Japan,Senegal,اليابان,السنغال,2,2,0,4,0,50,50,Japan,Senegal
Mexico,Senegal,المكسيك,السنغال,0,0,1,1,100,0,0,Mexico,Senegal
Morocco,Senegal,المغرب,السنغال,5,6,18,29,62,21,17,Morocco,Senegal
Poland,Senegal,بولندا,السنغال,0,1,0,1,0,100,0,Poland,Senegal
Saudi Arabia,Senegal,السعودية,السنغال,0,0,2,2,100,0,0,Saudi_Arabia,Senegal
South Korea,Senegal,كوريا الجنوبية,السنغال,1,3,1,5,20,60,20,South_Korea,Senegal
Tunisia,Senegal,تونس,السنغال,6,4,9,19,47,21,32,Tunisia,Senegal
Uruguay,Senegal,أوروغواي,السنغال,1,0,0,1,0,0,100,Uruguay,Senegal
Argentina,Serbia,الأرجنتين,صربيا,0,1,3,4,75,25,0,Argentina,Serbia
Australia,Serbia,أستراليا,صربيا,1,0,1,2,50,0,50,Australia,Serbia
Belgium,Serbia,بلجيكا,صربيا,1,2,3,6,50,33,17,Belgium,Serbia
Brazil,Serbia,البرازيل,صربيا,1,0,4,5,80,0,20,Brazil,Serbia
Cameroon,Serbia,الكاميرون,صربيا,0,1,0,1,0,100,0,Cameroon,Serbia
Costa Rica,Serbia,كوستا ريكا,صربيا,0,1,0,1,0,100,0,Costa_Rica,Serbia
Croatia,Serbia,كرواتيا,صربيا,3,0,2,5,40,0,60,Croatia,Serbia
Denmark,Serbia,الدنمارك,صربيا,0,0,3,3,100,0,0,Denmark,Serbia
Ecuador,Serbia,الاكوادور,صربيا,0,0,1,1,100,0,0,Ecuador,Serbia
England,Serbia,إنجلترا,صربيا,0,0,1,1,100,0,0,England,Serbia
France,Serbia,فرنسا,صربيا,2,0,4,6,67,0,33,France,Serbia
Germany,Serbia,ألمانيا,صربيا,2,1,2,5,40,20,40,Germany,Serbia
Ghana,Serbia,غانا,صربيا,0,1,1,2,50,50,0,Ghana,Serbia
Iran,Serbia,إيران,صربيا,0,1,0,1,0,100,0,Iran,Serbia
Japan,Serbia,اليابان,صربيا,0,4,4,8,50,50,0,Japan,Serbia
Mexico,Serbia,المكسيك,صربيا,1,2,1,4,25,50,25,Mexico,Serbia
Morocco,Serbia,المغرب,صربيا,0,0,1,1,100,0,0,Morocco,Serbia
Netherlands,Serbia,هولندا,صربيا,0,0,3,3,100,0,0,Netherlands,Serbia
Poland,Serbia,بولندا,صربيا,3,0,4,7,57,0,43,Poland,Serbia
Portugal,Serbia,البرتغال,صربيا,4,1,3,8,38,12,50,Portugal,Serbia
Qatar,Serbia,قطر,صربيا,0,2,1,3,33,67,0,Qatar,Serbia
South Korea,Serbia,كوريا الجنوبية,صربيا,4,3,2,9,22,33,44,South_Korea,Serbia
Spain,Serbia,إسبانيا,صربيا,3,0,3,6,50,0,50,Spain,Serbia
Switzerland,Serbia,سويسرا,صربيا,3,1,1,5,20,20,60,Switzerland,Serbia
Tunisia,Serbia,تونس,صربيا,0,2,0,2,0,100,0,Tunisia,Serbia
United States,Serbia,الولايات المتحدة ,صربيا,1,1,0,2,0,50,50,United_States,Serbia
Uruguay,Serbia,أوروغواي,صربيا,1,1,0,2,0,50,50,Uruguay,Serbia
Wales,Serbia,ويلز,صربيا,2,4,0,6,0,67,33,Wales,Serbia
Argentina,South Korea,الأرجنتين,كوريا الجنوبية,0,0,3,3,100,0,0,Argentina,South_Korea
Australia,South Korea,أستراليا,كوريا الجنوبية,11,8,9,28,32,29,39,Australia,South_Korea
Belgium,South Korea,بلجيكا,كوريا الجنوبية,1,0,3,4,75,0,25,Belgium,South_Korea
Brazil,South Korea,البرازيل,كوريا الجنوبية,0,1,6,7,86,14,0,Brazil,South_Korea
Cameroon,South Korea,الكاميرون,كوريا الجنوبية,2,3,0,5,0,60,40,Cameroon,South_Korea
Canada,South Korea,كندا,كوريا الجنوبية,1,2,2,5,40,40,20,Canada,South_Korea
Costa Rica,South Korea,كوستا ريكا,كوريا الجنوبية,3,4,3,10,30,40,30,Costa_Rica,South_Korea
Croatia,South Korea,كرواتيا,كوريا الجنوبية,2,2,3,7,43,29,29,Croatia,South_Korea
Denmark,South Korea,الدنمارك,كوريا الجنوبية,1,0,0,1,0,0,100,Denmark,South_Korea
Ecuador,South Korea,الاكوادور,كوريا الجنوبية,0,1,1,2,50,50,0,Ecuador,South_Korea
England,South Korea,إنجلترا,كوريا الجنوبية,1,0,0,1,0,0,100,England,South_Korea
France,South Korea,فرنسا,كوريا الجنوبية,1,0,2,3,67,0,33,France,South_Korea
Germany,South Korea,ألمانيا,كوريا الجنوبية,0,2,2,4,50,50,0,Germany,South_Korea
Ghana,South Korea,غانا,كوريا الجنوبية,0,3,3,6,50,50,0,Ghana,South_Korea
Iran,South Korea,إيران,كوريا الجنوبية,9,8,10,27,37,30,33,Iran,South_Korea
Japan,South Korea,اليابان,كوريا الجنوبية,21,33,12,66,18,50,32,Japan,South_Korea
Mexico,South Korea,المكسيك,كوريا الجنوبية,2,3,8,13,62,23,15,Mexico,South_Korea
Morocco,South Korea,المغرب,كوريا الجنوبية,3,0,1,4,25,0,75,Morocco,South_Korea
Netherlands,South Korea,هولندا,كوريا الجنوبية,0,0,2,2,100,0,0,Netherlands,South_Korea
Poland,South Korea,بولندا,كوريا الجنوبية,1,1,1,3,33,33,33,Poland,South_Korea
Portugal,South Korea,البرتغال,كوريا الجنوبية,0,1,0,1,0,100,0,Portugal,South_Korea
Qatar,South Korea,قطر,كوريا الجنوبية,1,6,3,10,30,60,10,Qatar,South_Korea
Saudi Arabia,South Korea,السعودية,كوريا الجنوبية,8,4,4,16,25,25,50,Saudi_Arabia,South_Korea
Senegal,South Korea,السنغال,كوريا الجنوبية,1,1,3,5,60,20,20,Senegal,South_Korea
Serbia,South Korea,صربيا,كوريا الجنوبية,4,2,3,9,33,22,44,Serbia,South_Korea
Spain,South Korea,إسبانيا,كوريا الجنوبية,2,0,4,6,67,0,33,Spain,South_Korea
Switzerland,South Korea,سويسرا,كوريا الجنوبية,0,1,1,2,50,50,0,Switzerland,South_Korea
Tunisia,South Korea,تونس,كوريا الجنوبية,1,0,1,2,50,0,50,Tunisia,South_Korea
United States,South Korea,الولايات المتحدة ,كوريا الجنوبية,2,4,3,9,33,44,22,United_States,South_Korea
Uruguay,South Korea,أوروغواي,كوريا الجنوبية,1,1,6,8,75,12,12,Uruguay,South_Korea
Argentina,Spain,الأرجنتين,إسبانيا,2,6,6,14,43,43,14,Argentina,Spain
Australia,Spain,أستراليا,إسبانيا,0,1,0,1,0,100,0,Australia,Spain
Belgium,Spain,بلجيكا,إسبانيا,6,11,4,21,19,52,29,Belgium,Spain
Brazil,Spain,البرازيل,إسبانيا,2,2,5,9,56,22,22,Brazil,Spain
Canada,Spain,كندا,إسبانيا,0,2,0,2,0,100,0,Canada,Spain
Costa Rica,Spain,كوستا ريكا,إسبانيا,1,2,0,3,0,67,33,Costa_Rica,Spain
Croatia,Spain,كرواتيا,إسبانيا,1,5,3,9,33,56,11,Croatia,Spain
Denmark,Spain,الدنمارك,إسبانيا,3,11,2,16,12,69,19,Denmark,Spain
Ecuador,Spain,الاكوادور,إسبانيا,0,2,0,2,0,100,0,Ecuador,Spain
England,Spain,إنجلترا,إسبانيا,4,10,13,27,48,37,15,England,Spain
France,Spain,فرنسا,إسبانيا,7,16,13,36,36,44,19,France,Spain
Germany,Spain,ألمانيا,إسبانيا,8,8,9,25,36,32,32,Germany,Spain
Iran,Spain,إيران,إسبانيا,0,1,0,1,0,100,0,Iran,Spain
Japan,Spain,اليابان,إسبانيا,0,1,0,1,0,100,0,Japan,Spain
Mexico,Spain,المكسيك,إسبانيا,3,3,0,6,0,50,50,Mexico,Spain
Morocco,Spain,المغرب,إسبانيا,1,2,0,3,0,67,33,Morocco,Spain
Netherlands,Spain,هولندا,إسبانيا,2,4,6,12,50,33,17,Netherlands,Spain
Poland,Spain,بولندا,إسبانيا,2,8,1,11,9,73,18,Poland,Spain
Portugal,Spain,البرتغال,إسبانيا,17,15,8,40,20,38,42,Portugal,Spain
Saudi Arabia,Spain,السعودية,إسبانيا,0,3,0,3,0,100,0,Saudi_Arabia,Spain
Serbia,Spain,صربيا,إسبانيا,3,3,0,6,0,50,50,Serbia,Spain
South Korea,Spain,كوريا الجنوبية,إسبانيا,2,4,0,6,0,67,33,South_Korea,Spain
Switzerland,Spain,سويسرا,إسبانيا,6,17,1,24,4,71,25,Switzerland,Spain
Tunisia,Spain,تونس,إسبانيا,0,2,0,2,0,100,0,Tunisia,Spain
United States,Spain,الولايات المتحدة ,إسبانيا,0,4,1,5,20,80,0,United_States,Spain
Uruguay,Spain,أوروغواي,إسبانيا,5,5,0,10,0,50,50,Uruguay,Spain
Wales,Spain,ويلز,إسبانيا,2,3,1,6,17,50,33,Wales,Spain
Argentina,Switzerland,الأرجنتين,سويسرا,2,0,5,7,71,0,29,Argentina,Switzerland
Australia,Switzerland,أستراليا,سويسرا,1,0,0,1,0,0,100,Australia,Switzerland
Belgium,Switzerland,بلجيكا,سويسرا,6,9,15,30,50,30,20,Belgium,Switzerland
Brazil,Switzerland,البرازيل,سويسرا,4,2,3,9,33,22,44,Brazil,Switzerland
Canada,Switzerland,كندا,سويسرا,0,0,1,1,100,0,0,Canada,Switzerland
Costa Rica,Switzerland,كوستا ريكا,سويسرا,1,1,1,3,33,33,33,Costa_Rica,Switzerland
Croatia,Switzerland,كرواتيا,سويسرا,2,2,3,7,43,29,29,Croatia,Switzerland
Denmark,Switzerland,الدنمارك,سويسرا,6,2,4,12,33,17,50,Denmark,Switzerland
Ecuador,Switzerland,الاكوادور,سويسرا,0,1,0,1,0,100,0,Ecuador,Switzerland
England,Switzerland,إنجلترا,سويسرا,6,4,19,29,66,14,21,England,Switzerland
France,Switzerland,فرنسا,سويسرا,11,12,16,39,41,31,28,France,Switzerland
Germany,Switzerland,ألمانيا,سويسرا,8,9,35,52,67,17,15,Germany,Switzerland
Japan,Switzerland,اليابان,سويسرا,1,1,1,3,33,33,33,Japan,Switzerland
Mexico,Switzerland,المكسيك,سويسرا,1,4,1,6,17,67,17,Mexico,Switzerland
Morocco,Switzerland,المغرب,سويسرا,0,0,2,2,100,0,0,Morocco,Switzerland
Netherlands,Switzerland,هولندا,سويسرا,3,15,14,32,44,47,9,Netherlands,Switzerland
Poland,Switzerland,بولندا,سويسرا,5,1,4,10,40,10,50,Poland,Switzerland
Portugal,Switzerland,البرتغال,سويسرا,5,11,9,25,36,44,20,Portugal,Switzerland
Qatar,Switzerland,قطر,سويسرا,0,0,1,1,100,0,0,Qatar,Switzerland
Serbia,Switzerland,صربيا,سويسرا,3,1,1,5,20,20,60,Serbia,Switzerland
South Korea,Switzerland,كوريا الجنوبية,سويسرا,0,1,1,2,50,50,0,South_Korea,Switzerland
Spain,Switzerland,إسبانيا,سويسرا,6,1,17,24,71,4,25,Spain,Switzerland
Tunisia,Switzerland,تونس,سويسرا,1,2,0,3,0,67,33,Tunisia,Switzerland
United States,Switzerland,الولايات المتحدة ,سويسرا,4,4,1,9,11,44,44,United_States,Switzerland
Uruguay,Switzerland,أوروغواي,سويسرا,1,0,2,3,67,0,33,Uruguay,Switzerland
Wales,Switzerland,ويلز,سويسرا,1,5,2,8,25,62,12,Wales,Switzerland
Argentina,Tunisia,الأرجنتين,تونس,0,0,1,1,100,0,0,Argentina,Tunisia
Australia,Tunisia,أستراليا,تونس,0,1,0,1,0,100,0,Australia,Tunisia
Belgium,Tunisia,بلجيكا,تونس,1,1,2,4,50,25,25,Belgium,Tunisia
Brazil,Tunisia,البرازيل,تونس,0,0,2,2,100,0,0,Brazil,Tunisia
Cameroon,Tunisia,الكاميرون,تونس,7,3,9,19,47,16,37,Cameroon,Tunisia
Canada,Tunisia,كندا,تونس,0,1,0,1,0,100,0,Canada,Tunisia
Costa Rica,Tunisia,كوستا ريكا,تونس,0,1,0,1,0,100,0,Costa_Rica,Tunisia
Croatia,Tunisia,كرواتيا,تونس,0,1,0,1,0,100,0,Croatia,Tunisia
Denmark,Tunisia,الدنمارك,تونس,0,0,1,1,100,0,0,Denmark,Tunisia
England,Tunisia,إنجلترا,تونس,1,0,2,3,67,0,33,England,Tunisia
France,Tunisia,فرنسا,تونس,2,0,2,4,50,0,50,France,Tunisia
Germany,Tunisia,ألمانيا,تونس,2,0,1,3,33,0,67,Germany,Tunisia
Ghana,Tunisia,غانا,تونس,5,3,9,17,53,18,29,Ghana,Tunisia
Iran,Tunisia,إيران,تونس,1,1,0,2,0,50,50,Iran,Tunisia
Japan,Tunisia,اليابان,تونس,0,1,4,5,80,20,0,Japan,Tunisia
Mexico,Tunisia,المكسيك,تونس,0,1,0,1,0,100,0,Mexico,Tunisia
Morocco,Tunisia,المغرب,تونس,22,6,10,38,26,16,58,Morocco,Tunisia
Netherlands,Tunisia,هولندا,تونس,2,0,1,3,33,0,67,Netherlands,Tunisia
Poland,Tunisia,بولندا,تونس,0,1,2,3,67,33,0,Poland,Tunisia
Portugal,Tunisia,البرتغال,تونس,2,0,0,2,0,0,100,Portugal,Tunisia
Qatar,Tunisia,قطر,تونس,0,1,2,3,67,33,0,Qatar,Tunisia
Saudi Arabia,Tunisia,السعودية,تونس,1,4,3,8,38,50,12,Saudi_Arabia,Tunisia
Senegal,Tunisia,السنغال,تونس,6,9,4,19,21,47,32,Senegal,Tunisia
Serbia,Tunisia,صربيا,تونس,0,0,2,2,100,0,0,Serbia,Tunisia
South Korea,Tunisia,كوريا الجنوبية,تونس,1,1,0,2,0,50,50,South_Korea,Tunisia
Spain,Tunisia,إسبانيا,تونس,0,0,2,2,100,0,0,Spain,Tunisia
Switzerland,Tunisia,سويسرا,تونس,1,0,2,3,67,0,33,Switzerland,Tunisia
United States,Tunisia,الولايات المتحدة ,تونس,1,0,0,1,0,0,100,United_States,Tunisia
Uruguay,Tunisia,أوروغواي,تونس,1,0,0,1,0,0,100,Uruguay,Tunisia
Wales,Tunisia,ويلز,تونس,0,1,0,1,0,100,0,Wales,Tunisia
Argentina,United States,الأرجنتين,الولايات المتحدة ,2,2,6,10,60,20,20,Argentina,United_States
Australia,United States,أستراليا,الولايات المتحدة ,1,1,1,3,33,33,33,Australia,United_States
Belgium,United States,بلجيكا,الولايات المتحدة ,0,1,5,6,83,17,0,Belgium,United_States
Brazil,United States,البرازيل,الولايات المتحدة ,0,1,17,18,94,6,0,Brazil,United_States
Cameroon,United States,الكاميرون,الولايات المتحدة ,1,0,0,1,0,0,100,Cameroon,United_States
Canada,United States,كندا,الولايات المتحدة ,11,15,10,36,28,42,31,Canada,United_States
Costa Rica,United States,كوستا ريكا,الولايات المتحدة ,6,19,16,41,39,46,15,Costa_Rica,United_States
Croatia,United States,كرواتيا,الولايات المتحدة ,0,0,1,1,100,0,0,Croatia,United_States
Denmark,United States,الدنمارك,الولايات المتحدة ,1,0,2,3,67,0,33,Denmark,United_States
Ecuador,United States,الاكوادور,الولايات المتحدة ,4,4,5,13,38,31,31,Ecuador,United_States
England,United States,إنجلترا,الولايات المتحدة ,1,2,8,11,73,18,9,England,United_States
France,United States,فرنسا,الولايات المتحدة ,1,0,3,4,75,0,25,France,United_States
Germany,United States,ألمانيا,الولايات المتحدة ,0,4,7,11,64,36,0,Germany,United_States
Ghana,United States,غانا,الولايات المتحدة ,0,2,2,4,50,50,0,Ghana,United_States
Iran,United States,إيران,الولايات المتحدة ,1,0,1,2,50,0,50,Iran,United_States
Japan,United States,اليابان,الولايات المتحدة ,0,1,2,3,67,33,0,Japan,United_States
Mexico,United States,المكسيك,الولايات المتحدة ,15,21,35,71,49,30,21,Mexico,United_States
Morocco,United States,المغرب,الولايات المتحدة ,0,1,3,4,75,25,0,Morocco,United_States
Netherlands,United States,هولندا,الولايات المتحدة ,0,1,4,5,80,20,0,Netherlands,United_States
Poland,United States,بولندا,الولايات المتحدة ,3,7,6,16,38,44,19,Poland,United_States
Portugal,United States,البرتغال,الولايات المتحدة ,3,2,2,7,29,29,43,Portugal,United_States
Qatar,United States,قطر,الولايات المتحدة ,0,1,0,1,0,100,0,Qatar,United_States
Saudi Arabia,United States,السعودية,الولايات المتحدة ,2,2,2,6,33,33,33,Saudi_Arabia,United_States
Serbia,United States,صربيا,الولايات المتحدة ,1,0,1,2,50,0,50,Serbia,United_States
South Korea,United States,كوريا الجنوبية,الولايات المتحدة ,2,3,4,9,44,33,22,South_Korea,United_States
Spain,United States,إسبانيا,الولايات المتحدة ,0,1,4,5,80,20,0,Spain,United_States
Switzerland,United States,سويسرا,الولايات المتحدة ,4,1,4,9,44,11,44,Switzerland,United_States
Tunisia,United States,تونس,الولايات المتحدة ,1,0,0,1,0,0,100,Tunisia,United_States
Uruguay,United States,أوروغواي,الولايات المتحدة ,4,2,1,7,14,29,57,Uruguay,United_States
Wales,United States,ويلز,الولايات المتحدة ,1,1,0,2,0,50,50,Wales,United_States
Argentina,Uruguay,الأرجنتين,أوروغواي,43,52,84,179,47,29,24,Argentina,Uruguay
Australia,Uruguay,أستراليا,أوروغواي,0,4,3,7,43,57,0,Australia,Uruguay
Belgium,Uruguay,بلجيكا,أوروغواي,0,0,2,2,100,0,0,Belgium,Uruguay
Brazil,Uruguay,البرازيل,أوروغواي,19,20,37,76,49,26,25,Brazil,Uruguay
Canada,Uruguay,كندا,أوروغواي,0,2,0,2,0,100,0,Canada,Uruguay
Costa Rica,Uruguay,كوستا ريكا,أوروغواي,3,6,1,10,10,60,30,Costa_Rica,Uruguay
Denmark,Uruguay,الدنمارك,أوروغواي,0,0,2,2,100,0,0,Denmark,Uruguay
Ecuador,Uruguay,الاكوادور,أوروغواي,10,31,7,48,15,65,21,Ecuador,Uruguay
England,Uruguay,إنجلترا,أوروغواي,3,5,3,11,27,45,27,England,Uruguay
France,Uruguay,فرنسا,أوروغواي,4,2,3,9,33,22,44,France,Uruguay
Germany,Uruguay,ألمانيا,أوروغواي,2,0,8,10,80,0,20,Germany,Uruguay
Ghana,Uruguay,غانا,أوروغواي,1,0,0,1,0,0,100,Ghana,Uruguay
Iran,Uruguay,إيران,أوروغواي,1,0,1,2,50,0,50,Iran,Uruguay
Japan,Uruguay,اليابان,أوروغواي,2,4,2,8,25,50,25,Japan,Uruguay
Mexico,Uruguay,المكسيك,أوروغواي,7,7,8,22,36,32,32,Mexico,Uruguay
Morocco,Uruguay,المغرب,أوروغواي,0,1,0,1,0,100,0,Morocco,Uruguay
Netherlands,Uruguay,هولندا,أوروغواي,1,1,2,4,50,25,25,Netherlands,Uruguay
Poland,Uruguay,بولندا,أوروغواي,2,1,1,4,25,25,50,Poland,Uruguay
Portugal,Uruguay,البرتغال,أوروغواي,1,1,1,3,33,33,33,Portugal,Uruguay
Saudi Arabia,Uruguay,السعودية,أوروغواي,1,1,1,3,33,33,33,Saudi_Arabia,Uruguay
Senegal,Uruguay,السنغال,أوروغواي,1,0,0,1,0,0,100,Senegal,Uruguay
Serbia,Uruguay,صربيا,أوروغواي,1,0,1,2,50,0,50,Serbia,Uruguay
South Korea,Uruguay,كوريا الجنوبية,أوروغواي,1,6,1,8,12,75,12,South_Korea,Uruguay
Spain,Uruguay,إسبانيا,أوروغواي,5,0,5,10,50,0,50,Spain,Uruguay
Switzerland,Uruguay,سويسرا,أوروغواي,1,2,0,3,0,67,33,Switzerland,Uruguay
Tunisia,Uruguay,تونس,أوروغواي,1,0,0,1,0,0,100,Tunisia,Uruguay
United States,Uruguay,الولايات المتحدة ,أوروغواي,4,1,2,7,29,14,57,United_States,Uruguay
Wales,Uruguay,ويلز,أوروغواي,1,1,0,2,0,50,50,Wales,Uruguay
Argentina,Wales,الأرجنتين,ويلز,1,0,1,2,50,0,50,Argentina,Wales
Australia,Wales,أستراليا,ويلز,0,0,1,1,100,0,0,Australia,Wales
Belgium,Wales,بلجيكا,ويلز,5,5,6,16,38,31,31,Belgium,Wales
Brazil,Wales,البرازيل,ويلز,1,1,8,10,80,10,10,Brazil,Wales
Canada,Wales,كندا,ويلز,0,2,1,3,33,67,0,Canada,Wales
Costa Rica,Wales,كوستا ريكا,ويلز,0,1,1,2,50,50,0,Costa_Rica,Wales
Croatia,Wales,كرواتيا,ويلز,2,0,4,6,67,0,33,Croatia,Wales
Denmark,Wales,الدنمارك,ويلز,0,4,7,11,64,36,0,Denmark,Wales
England,Wales,إنجلترا,ويلز,19,13,51,83,61,16,23,England,Wales
France,Wales,فرنسا,ويلز,1,1,4,6,67,17,17,France,Wales
Germany,Wales,ألمانيا,ويلز,6,2,9,17,53,12,35,Germany,Wales
Iran,Wales,إيران,ويلز,0,1,0,1,0,100,0,Iran,Wales
Japan,Wales,اليابان,ويلز,0,1,0,1,0,100,0,Japan,Wales
Mexico,Wales,المكسيك,ويلز,2,1,2,5,40,20,40,Mexico,Wales
Netherlands,Wales,هولندا,ويلز,0,0,10,10,100,0,0,Netherlands,Wales
Poland,Wales,بولندا,ويلز,2,1,6,9,67,11,22,Poland,Wales
Portugal,Wales,البرتغال,ويلز,0,1,3,4,75,25,0,Portugal,Wales
Qatar,Wales,قطر,ويلز,0,1,0,1,0,100,0,Qatar,Wales
Saudi Arabia,Wales,السعودية,ويلز,0,1,0,1,0,100,0,Saudi_Arabia,Wales
Serbia,Wales,صربيا,ويلز,2,0,4,6,67,0,33,Serbia,Wales
Spain,Wales,إسبانيا,ويلز,2,1,3,6,50,17,33,Spain,Wales
Switzerland,Wales,سويسرا,ويلز,1,2,5,8,62,25,12,Switzerland,Wales
Tunisia,Wales,تونس,ويلز,0,0,1,1,100,0,0,Tunisia,Wales
United States,Wales,الولايات المتحدة ,ويلز,1,0,1,2,50,0,50,United_States,Wales
Uruguay,Wales,أوروغواي,ويلز,1,0,1,2,50,0,50,Uruguay,Wales